state,total_enrolment,z_score
Uttar Pradesh,1018629,4.9363583263140205
Bihar,609585,2.7411071565051937
Madhya Pradesh,493970,2.1206263182642036
